--
-- PostgreSQL database dump
--

-- Dumped from database version 15.1
-- Dumped by pg_dump version 15.1

-- Started on 2023-01-25 12:29:16

SET statement_timeout = 0;
SET lock_timeout = 0;
SET idle_in_transaction_session_timeout = 0;
SET client_encoding = 'UTF8';
SET standard_conforming_strings = on;
SELECT pg_catalog.set_config('search_path', '', false);
SET check_function_bodies = false;
SET xmloption = content;
SET client_min_messages = warning;
SET row_security = off;

SET default_tablespace = '';

SET default_table_access_method = heap;

--
-- TOC entry 221 (class 1259 OID 16422)
-- Name: auth_group; Type: TABLE; Schema: public; Owner: -
--

CREATE TABLE public.auth_group (
    id integer NOT NULL,
    name character varying(150) NOT NULL
);


--
-- TOC entry 220 (class 1259 OID 16421)
-- Name: auth_group_id_seq; Type: SEQUENCE; Schema: public; Owner: -
--

ALTER TABLE public.auth_group ALTER COLUMN id ADD GENERATED BY DEFAULT AS IDENTITY (
    SEQUENCE NAME public.auth_group_id_seq
    START WITH 1
    INCREMENT BY 1
    NO MINVALUE
    NO MAXVALUE
    CACHE 1
);


--
-- TOC entry 223 (class 1259 OID 16430)
-- Name: auth_group_permissions; Type: TABLE; Schema: public; Owner: -
--

CREATE TABLE public.auth_group_permissions (
    id bigint NOT NULL,
    group_id integer NOT NULL,
    permission_id integer NOT NULL
);


--
-- TOC entry 222 (class 1259 OID 16429)
-- Name: auth_group_permissions_id_seq; Type: SEQUENCE; Schema: public; Owner: -
--

ALTER TABLE public.auth_group_permissions ALTER COLUMN id ADD GENERATED BY DEFAULT AS IDENTITY (
    SEQUENCE NAME public.auth_group_permissions_id_seq
    START WITH 1
    INCREMENT BY 1
    NO MINVALUE
    NO MAXVALUE
    CACHE 1
);


--
-- TOC entry 219 (class 1259 OID 16416)
-- Name: auth_permission; Type: TABLE; Schema: public; Owner: -
--

CREATE TABLE public.auth_permission (
    id integer NOT NULL,
    name character varying(255) NOT NULL,
    content_type_id integer NOT NULL,
    codename character varying(100) NOT NULL
);


--
-- TOC entry 218 (class 1259 OID 16415)
-- Name: auth_permission_id_seq; Type: SEQUENCE; Schema: public; Owner: -
--

ALTER TABLE public.auth_permission ALTER COLUMN id ADD GENERATED BY DEFAULT AS IDENTITY (
    SEQUENCE NAME public.auth_permission_id_seq
    START WITH 1
    INCREMENT BY 1
    NO MINVALUE
    NO MAXVALUE
    CACHE 1
);


--
-- TOC entry 225 (class 1259 OID 16436)
-- Name: auth_user; Type: TABLE; Schema: public; Owner: -
--

CREATE TABLE public.auth_user (
    id integer NOT NULL,
    password character varying(128) NOT NULL,
    last_login timestamp with time zone,
    is_superuser boolean NOT NULL,
    username character varying(150) NOT NULL,
    first_name character varying(150) NOT NULL,
    last_name character varying(150) NOT NULL,
    email character varying(254) NOT NULL,
    is_staff boolean NOT NULL,
    is_active boolean NOT NULL,
    date_joined timestamp with time zone NOT NULL
);


--
-- TOC entry 227 (class 1259 OID 16444)
-- Name: auth_user_groups; Type: TABLE; Schema: public; Owner: -
--

CREATE TABLE public.auth_user_groups (
    id bigint NOT NULL,
    user_id integer NOT NULL,
    group_id integer NOT NULL
);


--
-- TOC entry 226 (class 1259 OID 16443)
-- Name: auth_user_groups_id_seq; Type: SEQUENCE; Schema: public; Owner: -
--

ALTER TABLE public.auth_user_groups ALTER COLUMN id ADD GENERATED BY DEFAULT AS IDENTITY (
    SEQUENCE NAME public.auth_user_groups_id_seq
    START WITH 1
    INCREMENT BY 1
    NO MINVALUE
    NO MAXVALUE
    CACHE 1
);


--
-- TOC entry 224 (class 1259 OID 16435)
-- Name: auth_user_id_seq; Type: SEQUENCE; Schema: public; Owner: -
--

ALTER TABLE public.auth_user ALTER COLUMN id ADD GENERATED BY DEFAULT AS IDENTITY (
    SEQUENCE NAME public.auth_user_id_seq
    START WITH 1
    INCREMENT BY 1
    NO MINVALUE
    NO MAXVALUE
    CACHE 1
);


--
-- TOC entry 229 (class 1259 OID 16450)
-- Name: auth_user_user_permissions; Type: TABLE; Schema: public; Owner: -
--

CREATE TABLE public.auth_user_user_permissions (
    id bigint NOT NULL,
    user_id integer NOT NULL,
    permission_id integer NOT NULL
);


--
-- TOC entry 228 (class 1259 OID 16449)
-- Name: auth_user_user_permissions_id_seq; Type: SEQUENCE; Schema: public; Owner: -
--

ALTER TABLE public.auth_user_user_permissions ALTER COLUMN id ADD GENERATED BY DEFAULT AS IDENTITY (
    SEQUENCE NAME public.auth_user_user_permissions_id_seq
    START WITH 1
    INCREMENT BY 1
    NO MINVALUE
    NO MAXVALUE
    CACHE 1
);


--
-- TOC entry 231 (class 1259 OID 16508)
-- Name: django_admin_log; Type: TABLE; Schema: public; Owner: -
--

CREATE TABLE public.django_admin_log (
    id integer NOT NULL,
    action_time timestamp with time zone NOT NULL,
    object_id text,
    object_repr character varying(200) NOT NULL,
    action_flag smallint NOT NULL,
    change_message text NOT NULL,
    content_type_id integer,
    user_id integer NOT NULL,
    CONSTRAINT django_admin_log_action_flag_check CHECK ((action_flag >= 0))
);


--
-- TOC entry 230 (class 1259 OID 16507)
-- Name: django_admin_log_id_seq; Type: SEQUENCE; Schema: public; Owner: -
--

ALTER TABLE public.django_admin_log ALTER COLUMN id ADD GENERATED BY DEFAULT AS IDENTITY (
    SEQUENCE NAME public.django_admin_log_id_seq
    START WITH 1
    INCREMENT BY 1
    NO MINVALUE
    NO MAXVALUE
    CACHE 1
);


--
-- TOC entry 217 (class 1259 OID 16408)
-- Name: django_content_type; Type: TABLE; Schema: public; Owner: -
--

CREATE TABLE public.django_content_type (
    id integer NOT NULL,
    app_label character varying(100) NOT NULL,
    model character varying(100) NOT NULL
);


--
-- TOC entry 216 (class 1259 OID 16407)
-- Name: django_content_type_id_seq; Type: SEQUENCE; Schema: public; Owner: -
--

ALTER TABLE public.django_content_type ALTER COLUMN id ADD GENERATED BY DEFAULT AS IDENTITY (
    SEQUENCE NAME public.django_content_type_id_seq
    START WITH 1
    INCREMENT BY 1
    NO MINVALUE
    NO MAXVALUE
    CACHE 1
);


--
-- TOC entry 215 (class 1259 OID 16400)
-- Name: django_migrations; Type: TABLE; Schema: public; Owner: -
--

CREATE TABLE public.django_migrations (
    id bigint NOT NULL,
    app character varying(255) NOT NULL,
    name character varying(255) NOT NULL,
    applied timestamp with time zone NOT NULL
);


--
-- TOC entry 214 (class 1259 OID 16399)
-- Name: django_migrations_id_seq; Type: SEQUENCE; Schema: public; Owner: -
--

ALTER TABLE public.django_migrations ALTER COLUMN id ADD GENERATED BY DEFAULT AS IDENTITY (
    SEQUENCE NAME public.django_migrations_id_seq
    START WITH 1
    INCREMENT BY 1
    NO MINVALUE
    NO MAXVALUE
    CACHE 1
);


--
-- TOC entry 232 (class 1259 OID 16536)
-- Name: django_session; Type: TABLE; Schema: public; Owner: -
--

CREATE TABLE public.django_session (
    session_key character varying(40) NOT NULL,
    session_data text NOT NULL,
    expire_date timestamp with time zone NOT NULL
);


--
-- TOC entry 240 (class 1259 OID 16565)
-- Name: vending_order; Type: TABLE; Schema: public; Owner: -
--

CREATE TABLE public.vending_order (
    id integer NOT NULL,
    created_at timestamp with time zone NOT NULL,
    updated_at timestamp with time zone NOT NULL,
    order_method_id_id integer NOT NULL,
    product_id_id integer NOT NULL
);


--
-- TOC entry 239 (class 1259 OID 16564)
-- Name: vending_order_id_seq; Type: SEQUENCE; Schema: public; Owner: -
--

ALTER TABLE public.vending_order ALTER COLUMN id ADD GENERATED BY DEFAULT AS IDENTITY (
    SEQUENCE NAME public.vending_order_id_seq
    START WITH 1
    INCREMENT BY 1
    NO MINVALUE
    NO MAXVALUE
    CACHE 1
);


--
-- TOC entry 234 (class 1259 OID 16546)
-- Name: vending_order_method; Type: TABLE; Schema: public; Owner: -
--

CREATE TABLE public.vending_order_method (
    id integer NOT NULL,
    name character varying(50) NOT NULL,
    image character varying(100)
);


--
-- TOC entry 233 (class 1259 OID 16545)
-- Name: vending_order_method_id_seq; Type: SEQUENCE; Schema: public; Owner: -
--

ALTER TABLE public.vending_order_method ALTER COLUMN id ADD GENERATED BY DEFAULT AS IDENTITY (
    SEQUENCE NAME public.vending_order_method_id_seq
    START WITH 1
    INCREMENT BY 1
    NO MINVALUE
    NO MAXVALUE
    CACHE 1
);


--
-- TOC entry 236 (class 1259 OID 16552)
-- Name: vending_product; Type: TABLE; Schema: public; Owner: -
--

CREATE TABLE public.vending_product (
    id integer NOT NULL,
    name character varying(50) NOT NULL,
    price integer NOT NULL,
    image character varying(100) NOT NULL,
    is_set boolean NOT NULL,
    created_at timestamp with time zone NOT NULL,
    updated_at timestamp with time zone NOT NULL
);


--
-- TOC entry 235 (class 1259 OID 16551)
-- Name: vending_product_id_seq; Type: SEQUENCE; Schema: public; Owner: -
--

ALTER TABLE public.vending_product ALTER COLUMN id ADD GENERATED BY DEFAULT AS IDENTITY (
    SEQUENCE NAME public.vending_product_id_seq
    START WITH 1
    INCREMENT BY 1
    NO MINVALUE
    NO MAXVALUE
    CACHE 1
);


--
-- TOC entry 238 (class 1259 OID 16558)
-- Name: vending_stock; Type: TABLE; Schema: public; Owner: -
--

CREATE TABLE public.vending_stock (
    id integer NOT NULL,
    quantity integer NOT NULL,
    created_at timestamp with time zone NOT NULL,
    updated_at timestamp with time zone NOT NULL,
    product_id_id integer NOT NULL,
    CONSTRAINT vending_stock_quantity_check CHECK ((quantity >= 0))
);


--
-- TOC entry 237 (class 1259 OID 16557)
-- Name: vending_stock_id_seq; Type: SEQUENCE; Schema: public; Owner: -
--

ALTER TABLE public.vending_stock ALTER COLUMN id ADD GENERATED BY DEFAULT AS IDENTITY (
    SEQUENCE NAME public.vending_stock_id_seq
    START WITH 1
    INCREMENT BY 1
    NO MINVALUE
    NO MAXVALUE
    CACHE 1
);


--
-- TOC entry 3458 (class 0 OID 16422)
-- Dependencies: 221
-- Data for Name: auth_group; Type: TABLE DATA; Schema: public; Owner: -
--



--
-- TOC entry 3460 (class 0 OID 16430)
-- Dependencies: 223
-- Data for Name: auth_group_permissions; Type: TABLE DATA; Schema: public; Owner: -
--



--
-- TOC entry 3456 (class 0 OID 16416)
-- Dependencies: 219
-- Data for Name: auth_permission; Type: TABLE DATA; Schema: public; Owner: -
--

INSERT INTO public.auth_permission VALUES (1, 'Can add log entry', 1, 'add_logentry');
INSERT INTO public.auth_permission VALUES (2, 'Can change log entry', 1, 'change_logentry');
INSERT INTO public.auth_permission VALUES (3, 'Can delete log entry', 1, 'delete_logentry');
INSERT INTO public.auth_permission VALUES (4, 'Can view log entry', 1, 'view_logentry');
INSERT INTO public.auth_permission VALUES (5, 'Can add permission', 2, 'add_permission');
INSERT INTO public.auth_permission VALUES (6, 'Can change permission', 2, 'change_permission');
INSERT INTO public.auth_permission VALUES (7, 'Can delete permission', 2, 'delete_permission');
INSERT INTO public.auth_permission VALUES (8, 'Can view permission', 2, 'view_permission');
INSERT INTO public.auth_permission VALUES (9, 'Can add group', 3, 'add_group');
INSERT INTO public.auth_permission VALUES (10, 'Can change group', 3, 'change_group');
INSERT INTO public.auth_permission VALUES (11, 'Can delete group', 3, 'delete_group');
INSERT INTO public.auth_permission VALUES (12, 'Can view group', 3, 'view_group');
INSERT INTO public.auth_permission VALUES (13, 'Can add user', 4, 'add_user');
INSERT INTO public.auth_permission VALUES (14, 'Can change user', 4, 'change_user');
INSERT INTO public.auth_permission VALUES (15, 'Can delete user', 4, 'delete_user');
INSERT INTO public.auth_permission VALUES (16, 'Can view user', 4, 'view_user');
INSERT INTO public.auth_permission VALUES (17, 'Can add content type', 5, 'add_contenttype');
INSERT INTO public.auth_permission VALUES (18, 'Can change content type', 5, 'change_contenttype');
INSERT INTO public.auth_permission VALUES (19, 'Can delete content type', 5, 'delete_contenttype');
INSERT INTO public.auth_permission VALUES (20, 'Can view content type', 5, 'view_contenttype');
INSERT INTO public.auth_permission VALUES (21, 'Can add session', 6, 'add_session');
INSERT INTO public.auth_permission VALUES (22, 'Can change session', 6, 'change_session');
INSERT INTO public.auth_permission VALUES (23, 'Can delete session', 6, 'delete_session');
INSERT INTO public.auth_permission VALUES (24, 'Can view session', 6, 'view_session');
INSERT INTO public.auth_permission VALUES (25, 'Can add order', 7, 'add_order');
INSERT INTO public.auth_permission VALUES (26, 'Can change order', 7, 'change_order');
INSERT INTO public.auth_permission VALUES (27, 'Can delete order', 7, 'delete_order');
INSERT INTO public.auth_permission VALUES (28, 'Can view order', 7, 'view_order');
INSERT INTO public.auth_permission VALUES (29, 'Can add order_ method', 8, 'add_order_method');
INSERT INTO public.auth_permission VALUES (30, 'Can change order_ method', 8, 'change_order_method');
INSERT INTO public.auth_permission VALUES (31, 'Can delete order_ method', 8, 'delete_order_method');
INSERT INTO public.auth_permission VALUES (32, 'Can view order_ method', 8, 'view_order_method');
INSERT INTO public.auth_permission VALUES (33, 'Can add stock', 9, 'add_stock');
INSERT INTO public.auth_permission VALUES (34, 'Can change stock', 9, 'change_stock');
INSERT INTO public.auth_permission VALUES (35, 'Can delete stock', 9, 'delete_stock');
INSERT INTO public.auth_permission VALUES (36, 'Can view stock', 9, 'view_stock');
INSERT INTO public.auth_permission VALUES (37, 'Can add product', 10, 'add_product');
INSERT INTO public.auth_permission VALUES (38, 'Can change product', 10, 'change_product');
INSERT INTO public.auth_permission VALUES (39, 'Can delete product', 10, 'delete_product');
INSERT INTO public.auth_permission VALUES (40, 'Can view product', 10, 'view_product');


--
-- TOC entry 3462 (class 0 OID 16436)
-- Dependencies: 225
-- Data for Name: auth_user; Type: TABLE DATA; Schema: public; Owner: -
--

INSERT INTO public.auth_user VALUES (1, 'pbkdf2_sha256$390000$jIXM53NeeNaOSs7qFUTV3f$ZR7AvXOCTi7LlRxsA4rCHhkvczdur7KBdmkOuLfJrLY=', '2023-01-24 14:21:54.34603+09', true, 'admin', '', '', 'admin@gmail.com', true, true, '2023-01-22 21:26:15.016626+09');


--
-- TOC entry 3464 (class 0 OID 16444)
-- Dependencies: 227
-- Data for Name: auth_user_groups; Type: TABLE DATA; Schema: public; Owner: -
--



--
-- TOC entry 3466 (class 0 OID 16450)
-- Dependencies: 229
-- Data for Name: auth_user_user_permissions; Type: TABLE DATA; Schema: public; Owner: -
--



--
-- TOC entry 3468 (class 0 OID 16508)
-- Dependencies: 231
-- Data for Name: django_admin_log; Type: TABLE DATA; Schema: public; Owner: -
--

INSERT INTO public.django_admin_log VALUES (1, '2023-01-24 13:16:30.65279+09', '1', 'テストコーラ', 1, '[{"added": {}}]', 10, 1);
INSERT INTO public.django_admin_log VALUES (2, '2023-01-24 13:16:49.71522+09', '1', 'テストコーラ', 1, '[{"added": {}}]', 9, 1);


--
-- TOC entry 3454 (class 0 OID 16408)
-- Dependencies: 217
-- Data for Name: django_content_type; Type: TABLE DATA; Schema: public; Owner: -
--

INSERT INTO public.django_content_type VALUES (1, 'admin', 'logentry');
INSERT INTO public.django_content_type VALUES (2, 'auth', 'permission');
INSERT INTO public.django_content_type VALUES (3, 'auth', 'group');
INSERT INTO public.django_content_type VALUES (4, 'auth', 'user');
INSERT INTO public.django_content_type VALUES (5, 'contenttypes', 'contenttype');
INSERT INTO public.django_content_type VALUES (6, 'sessions', 'session');
INSERT INTO public.django_content_type VALUES (7, 'vending', 'order');
INSERT INTO public.django_content_type VALUES (8, 'vending', 'order_method');
INSERT INTO public.django_content_type VALUES (9, 'vending', 'stock');
INSERT INTO public.django_content_type VALUES (10, 'vending', 'product');


--
-- TOC entry 3452 (class 0 OID 16400)
-- Dependencies: 215
-- Data for Name: django_migrations; Type: TABLE DATA; Schema: public; Owner: -
--

INSERT INTO public.django_migrations VALUES (1, 'contenttypes', '0001_initial', '2023-01-20 15:01:48.41184+09');
INSERT INTO public.django_migrations VALUES (2, 'auth', '0001_initial', '2023-01-20 15:01:48.478743+09');
INSERT INTO public.django_migrations VALUES (3, 'admin', '0001_initial', '2023-01-20 15:01:48.493099+09');
INSERT INTO public.django_migrations VALUES (4, 'admin', '0002_logentry_remove_auto_add', '2023-01-20 15:01:48.4981+09');
INSERT INTO public.django_migrations VALUES (5, 'admin', '0003_logentry_add_action_flag_choices', '2023-01-20 15:01:48.503099+09');
INSERT INTO public.django_migrations VALUES (6, 'contenttypes', '0002_remove_content_type_name', '2023-01-20 15:01:48.5131+09');
INSERT INTO public.django_migrations VALUES (7, 'auth', '0002_alter_permission_name_max_length', '2023-01-20 15:01:48.5191+09');
INSERT INTO public.django_migrations VALUES (8, 'auth', '0003_alter_user_email_max_length', '2023-01-20 15:01:48.524098+09');
INSERT INTO public.django_migrations VALUES (9, 'auth', '0004_alter_user_username_opts', '2023-01-20 15:01:48.530146+09');
INSERT INTO public.django_migrations VALUES (10, 'auth', '0005_alter_user_last_login_null', '2023-01-20 15:01:48.536145+09');
INSERT INTO public.django_migrations VALUES (11, 'auth', '0006_require_contenttypes_0002', '2023-01-20 15:01:48.538145+09');
INSERT INTO public.django_migrations VALUES (12, 'auth', '0007_alter_validators_add_error_messages', '2023-01-20 15:01:48.543178+09');
INSERT INTO public.django_migrations VALUES (13, 'auth', '0008_alter_user_username_max_length', '2023-01-20 15:01:48.552143+09');
INSERT INTO public.django_migrations VALUES (14, 'auth', '0009_alter_user_last_name_max_length', '2023-01-20 15:01:48.557142+09');
INSERT INTO public.django_migrations VALUES (15, 'auth', '0010_alter_group_name_max_length', '2023-01-20 15:01:48.563098+09');
INSERT INTO public.django_migrations VALUES (16, 'auth', '0011_update_proxy_permissions', '2023-01-20 15:01:48.568097+09');
INSERT INTO public.django_migrations VALUES (17, 'auth', '0012_alter_user_first_name_max_length', '2023-01-20 15:01:48.573096+09');
INSERT INTO public.django_migrations VALUES (18, 'sessions', '0001_initial', '2023-01-20 15:01:48.583611+09');
INSERT INTO public.django_migrations VALUES (19, 'vending', '0001_initial', '2023-01-22 21:24:31.785913+09');


--
-- TOC entry 3469 (class 0 OID 16536)
-- Dependencies: 232
-- Data for Name: django_session; Type: TABLE DATA; Schema: public; Owner: -
--

INSERT INTO public.django_session VALUES ('gzn84lz9bv87sv196t1ft0kjhnub0795', '.eJxVjMsOwiAUBf-FtSG3VAu4dN9vIHAfUjWQlHZl_HdD0oVuz8yctwpx33LYG69hIXVVgzr9binik0sH9IjlXjXWsq1L0l3RB216rsSv2-H-HeTYcq-tcTySmMQ44cjCk09EZwASZrAMzgsawXghAKToxEtybI0dkEHU5wstmTnr:1pJZRC:wb1lchZiiHuIU1vNcFXwQoEkVy58Q15t1U7Oy74dyig', '2023-02-05 21:27:06.559367+09');
INSERT INTO public.django_session VALUES ('c14x6zsooyheot953t0gqxzuf5gitzwm', '.eJxVjMsOwiAUBf-FtSG3VAu4dN9vIHAfUjWQlHZl_HdD0oVuz8yctwpx33LYG69hIXVVgzr9binik0sH9IjlXjXWsq1L0l3RB216rsSv2-H-HeTYcq-tcTySmMQ44cjCk09EZwASZrAMzgsawXghAKToxEtybI0dkEHU5wstmTnr:1pKBko:nFMv1L3YkLuWR4iLJ61zpJ5kK8YRp_SXeu051uom5HQ', '2023-02-07 14:21:54.350043+09');


--
-- TOC entry 3477 (class 0 OID 16565)
-- Dependencies: 240
-- Data for Name: vending_order; Type: TABLE DATA; Schema: public; Owner: -
--



--
-- TOC entry 3471 (class 0 OID 16546)
-- Dependencies: 234
-- Data for Name: vending_order_method; Type: TABLE DATA; Schema: public; Owner: -
--



--
-- TOC entry 3473 (class 0 OID 16552)
-- Dependencies: 236
-- Data for Name: vending_product; Type: TABLE DATA; Schema: public; Owner: -
--

INSERT INTO public.vending_product VALUES (1, 'テストコーラ', 100, 'images/cocacola2.png', true, '2023-01-24 13:16:30.647556+09', '2023-01-24 13:16:30.647556+09');


--
-- TOC entry 3475 (class 0 OID 16558)
-- Dependencies: 238
-- Data for Name: vending_stock; Type: TABLE DATA; Schema: public; Owner: -
--

INSERT INTO public.vending_stock VALUES (1, 10, '2023-01-24 13:16:49.71322+09', '2023-01-24 13:16:49.71322+09', 1);


--
-- TOC entry 3483 (class 0 OID 0)
-- Dependencies: 220
-- Name: auth_group_id_seq; Type: SEQUENCE SET; Schema: public; Owner: -
--

SELECT pg_catalog.setval('public.auth_group_id_seq', 1, false);


--
-- TOC entry 3484 (class 0 OID 0)
-- Dependencies: 222
-- Name: auth_group_permissions_id_seq; Type: SEQUENCE SET; Schema: public; Owner: -
--

SELECT pg_catalog.setval('public.auth_group_permissions_id_seq', 1, false);


--
-- TOC entry 3485 (class 0 OID 0)
-- Dependencies: 218
-- Name: auth_permission_id_seq; Type: SEQUENCE SET; Schema: public; Owner: -
--

SELECT pg_catalog.setval('public.auth_permission_id_seq', 40, true);


--
-- TOC entry 3486 (class 0 OID 0)
-- Dependencies: 226
-- Name: auth_user_groups_id_seq; Type: SEQUENCE SET; Schema: public; Owner: -
--

SELECT pg_catalog.setval('public.auth_user_groups_id_seq', 1, false);


--
-- TOC entry 3487 (class 0 OID 0)
-- Dependencies: 224
-- Name: auth_user_id_seq; Type: SEQUENCE SET; Schema: public; Owner: -
--

SELECT pg_catalog.setval('public.auth_user_id_seq', 1, true);


--
-- TOC entry 3488 (class 0 OID 0)
-- Dependencies: 228
-- Name: auth_user_user_permissions_id_seq; Type: SEQUENCE SET; Schema: public; Owner: -
--

SELECT pg_catalog.setval('public.auth_user_user_permissions_id_seq', 1, false);


--
-- TOC entry 3489 (class 0 OID 0)
-- Dependencies: 230
-- Name: django_admin_log_id_seq; Type: SEQUENCE SET; Schema: public; Owner: -
--

SELECT pg_catalog.setval('public.django_admin_log_id_seq', 2, true);


--
-- TOC entry 3490 (class 0 OID 0)
-- Dependencies: 216
-- Name: django_content_type_id_seq; Type: SEQUENCE SET; Schema: public; Owner: -
--

SELECT pg_catalog.setval('public.django_content_type_id_seq', 10, true);


--
-- TOC entry 3491 (class 0 OID 0)
-- Dependencies: 214
-- Name: django_migrations_id_seq; Type: SEQUENCE SET; Schema: public; Owner: -
--

SELECT pg_catalog.setval('public.django_migrations_id_seq', 19, true);


--
-- TOC entry 3492 (class 0 OID 0)
-- Dependencies: 239
-- Name: vending_order_id_seq; Type: SEQUENCE SET; Schema: public; Owner: -
--

SELECT pg_catalog.setval('public.vending_order_id_seq', 1, false);


--
-- TOC entry 3493 (class 0 OID 0)
-- Dependencies: 233
-- Name: vending_order_method_id_seq; Type: SEQUENCE SET; Schema: public; Owner: -
--

SELECT pg_catalog.setval('public.vending_order_method_id_seq', 1, false);


--
-- TOC entry 3494 (class 0 OID 0)
-- Dependencies: 235
-- Name: vending_product_id_seq; Type: SEQUENCE SET; Schema: public; Owner: -
--

SELECT pg_catalog.setval('public.vending_product_id_seq', 1, true);


--
-- TOC entry 3495 (class 0 OID 0)
-- Dependencies: 237
-- Name: vending_stock_id_seq; Type: SEQUENCE SET; Schema: public; Owner: -
--

SELECT pg_catalog.setval('public.vending_stock_id_seq', 1, true);


--
-- TOC entry 3252 (class 2606 OID 16534)
-- Name: auth_group auth_group_name_key; Type: CONSTRAINT; Schema: public; Owner: -
--

ALTER TABLE ONLY public.auth_group
    ADD CONSTRAINT auth_group_name_key UNIQUE (name);


--
-- TOC entry 3257 (class 2606 OID 16465)
-- Name: auth_group_permissions auth_group_permissions_group_id_permission_id_0cd325b0_uniq; Type: CONSTRAINT; Schema: public; Owner: -
--

ALTER TABLE ONLY public.auth_group_permissions
    ADD CONSTRAINT auth_group_permissions_group_id_permission_id_0cd325b0_uniq UNIQUE (group_id, permission_id);


--
-- TOC entry 3260 (class 2606 OID 16434)
-- Name: auth_group_permissions auth_group_permissions_pkey; Type: CONSTRAINT; Schema: public; Owner: -
--

ALTER TABLE ONLY public.auth_group_permissions
    ADD CONSTRAINT auth_group_permissions_pkey PRIMARY KEY (id);


--
-- TOC entry 3254 (class 2606 OID 16426)
-- Name: auth_group auth_group_pkey; Type: CONSTRAINT; Schema: public; Owner: -
--

ALTER TABLE ONLY public.auth_group
    ADD CONSTRAINT auth_group_pkey PRIMARY KEY (id);


--
-- TOC entry 3247 (class 2606 OID 16456)
-- Name: auth_permission auth_permission_content_type_id_codename_01ab375a_uniq; Type: CONSTRAINT; Schema: public; Owner: -
--

ALTER TABLE ONLY public.auth_permission
    ADD CONSTRAINT auth_permission_content_type_id_codename_01ab375a_uniq UNIQUE (content_type_id, codename);


--
-- TOC entry 3249 (class 2606 OID 16420)
-- Name: auth_permission auth_permission_pkey; Type: CONSTRAINT; Schema: public; Owner: -
--

ALTER TABLE ONLY public.auth_permission
    ADD CONSTRAINT auth_permission_pkey PRIMARY KEY (id);


--
-- TOC entry 3268 (class 2606 OID 16448)
-- Name: auth_user_groups auth_user_groups_pkey; Type: CONSTRAINT; Schema: public; Owner: -
--

ALTER TABLE ONLY public.auth_user_groups
    ADD CONSTRAINT auth_user_groups_pkey PRIMARY KEY (id);


--
-- TOC entry 3271 (class 2606 OID 16480)
-- Name: auth_user_groups auth_user_groups_user_id_group_id_94350c0c_uniq; Type: CONSTRAINT; Schema: public; Owner: -
--

ALTER TABLE ONLY public.auth_user_groups
    ADD CONSTRAINT auth_user_groups_user_id_group_id_94350c0c_uniq UNIQUE (user_id, group_id);


--
-- TOC entry 3262 (class 2606 OID 16440)
-- Name: auth_user auth_user_pkey; Type: CONSTRAINT; Schema: public; Owner: -
--

ALTER TABLE ONLY public.auth_user
    ADD CONSTRAINT auth_user_pkey PRIMARY KEY (id);


--
-- TOC entry 3274 (class 2606 OID 16454)
-- Name: auth_user_user_permissions auth_user_user_permissions_pkey; Type: CONSTRAINT; Schema: public; Owner: -
--

ALTER TABLE ONLY public.auth_user_user_permissions
    ADD CONSTRAINT auth_user_user_permissions_pkey PRIMARY KEY (id);


--
-- TOC entry 3277 (class 2606 OID 16494)
-- Name: auth_user_user_permissions auth_user_user_permissions_user_id_permission_id_14a6b632_uniq; Type: CONSTRAINT; Schema: public; Owner: -
--

ALTER TABLE ONLY public.auth_user_user_permissions
    ADD CONSTRAINT auth_user_user_permissions_user_id_permission_id_14a6b632_uniq UNIQUE (user_id, permission_id);


--
-- TOC entry 3265 (class 2606 OID 16529)
-- Name: auth_user auth_user_username_key; Type: CONSTRAINT; Schema: public; Owner: -
--

ALTER TABLE ONLY public.auth_user
    ADD CONSTRAINT auth_user_username_key UNIQUE (username);


--
-- TOC entry 3280 (class 2606 OID 16515)
-- Name: django_admin_log django_admin_log_pkey; Type: CONSTRAINT; Schema: public; Owner: -
--

ALTER TABLE ONLY public.django_admin_log
    ADD CONSTRAINT django_admin_log_pkey PRIMARY KEY (id);


--
-- TOC entry 3242 (class 2606 OID 16414)
-- Name: django_content_type django_content_type_app_label_model_76bd3d3b_uniq; Type: CONSTRAINT; Schema: public; Owner: -
--

ALTER TABLE ONLY public.django_content_type
    ADD CONSTRAINT django_content_type_app_label_model_76bd3d3b_uniq UNIQUE (app_label, model);


--
-- TOC entry 3244 (class 2606 OID 16412)
-- Name: django_content_type django_content_type_pkey; Type: CONSTRAINT; Schema: public; Owner: -
--

ALTER TABLE ONLY public.django_content_type
    ADD CONSTRAINT django_content_type_pkey PRIMARY KEY (id);


--
-- TOC entry 3240 (class 2606 OID 16406)
-- Name: django_migrations django_migrations_pkey; Type: CONSTRAINT; Schema: public; Owner: -
--

ALTER TABLE ONLY public.django_migrations
    ADD CONSTRAINT django_migrations_pkey PRIMARY KEY (id);


--
-- TOC entry 3284 (class 2606 OID 16542)
-- Name: django_session django_session_pkey; Type: CONSTRAINT; Schema: public; Owner: -
--

ALTER TABLE ONLY public.django_session
    ADD CONSTRAINT django_session_pkey PRIMARY KEY (session_key);


--
-- TOC entry 3287 (class 2606 OID 16550)
-- Name: vending_order_method vending_order_method_pkey; Type: CONSTRAINT; Schema: public; Owner: -
--

ALTER TABLE ONLY public.vending_order_method
    ADD CONSTRAINT vending_order_method_pkey PRIMARY KEY (id);


--
-- TOC entry 3295 (class 2606 OID 16569)
-- Name: vending_order vending_order_pkey; Type: CONSTRAINT; Schema: public; Owner: -
--

ALTER TABLE ONLY public.vending_order
    ADD CONSTRAINT vending_order_pkey PRIMARY KEY (id);


--
-- TOC entry 3289 (class 2606 OID 16556)
-- Name: vending_product vending_product_pkey; Type: CONSTRAINT; Schema: public; Owner: -
--

ALTER TABLE ONLY public.vending_product
    ADD CONSTRAINT vending_product_pkey PRIMARY KEY (id);


--
-- TOC entry 3291 (class 2606 OID 16563)
-- Name: vending_stock vending_stock_pkey; Type: CONSTRAINT; Schema: public; Owner: -
--

ALTER TABLE ONLY public.vending_stock
    ADD CONSTRAINT vending_stock_pkey PRIMARY KEY (id);


--
-- TOC entry 3250 (class 1259 OID 16535)
-- Name: auth_group_name_a6ea08ec_like; Type: INDEX; Schema: public; Owner: -
--

CREATE INDEX auth_group_name_a6ea08ec_like ON public.auth_group USING btree (name varchar_pattern_ops);


--
-- TOC entry 3255 (class 1259 OID 16476)
-- Name: auth_group_permissions_group_id_b120cbf9; Type: INDEX; Schema: public; Owner: -
--

CREATE INDEX auth_group_permissions_group_id_b120cbf9 ON public.auth_group_permissions USING btree (group_id);


--
-- TOC entry 3258 (class 1259 OID 16477)
-- Name: auth_group_permissions_permission_id_84c5c92e; Type: INDEX; Schema: public; Owner: -
--

CREATE INDEX auth_group_permissions_permission_id_84c5c92e ON public.auth_group_permissions USING btree (permission_id);


--
-- TOC entry 3245 (class 1259 OID 16462)
-- Name: auth_permission_content_type_id_2f476e4b; Type: INDEX; Schema: public; Owner: -
--

CREATE INDEX auth_permission_content_type_id_2f476e4b ON public.auth_permission USING btree (content_type_id);


--
-- TOC entry 3266 (class 1259 OID 16492)
-- Name: auth_user_groups_group_id_97559544; Type: INDEX; Schema: public; Owner: -
--

CREATE INDEX auth_user_groups_group_id_97559544 ON public.auth_user_groups USING btree (group_id);


--
-- TOC entry 3269 (class 1259 OID 16491)
-- Name: auth_user_groups_user_id_6a12ed8b; Type: INDEX; Schema: public; Owner: -
--

CREATE INDEX auth_user_groups_user_id_6a12ed8b ON public.auth_user_groups USING btree (user_id);


--
-- TOC entry 3272 (class 1259 OID 16506)
-- Name: auth_user_user_permissions_permission_id_1fbb5f2c; Type: INDEX; Schema: public; Owner: -
--

CREATE INDEX auth_user_user_permissions_permission_id_1fbb5f2c ON public.auth_user_user_permissions USING btree (permission_id);


--
-- TOC entry 3275 (class 1259 OID 16505)
-- Name: auth_user_user_permissions_user_id_a95ead1b; Type: INDEX; Schema: public; Owner: -
--

CREATE INDEX auth_user_user_permissions_user_id_a95ead1b ON public.auth_user_user_permissions USING btree (user_id);


--
-- TOC entry 3263 (class 1259 OID 16530)
-- Name: auth_user_username_6821ab7c_like; Type: INDEX; Schema: public; Owner: -
--

CREATE INDEX auth_user_username_6821ab7c_like ON public.auth_user USING btree (username varchar_pattern_ops);


--
-- TOC entry 3278 (class 1259 OID 16526)
-- Name: django_admin_log_content_type_id_c4bce8eb; Type: INDEX; Schema: public; Owner: -
--

CREATE INDEX django_admin_log_content_type_id_c4bce8eb ON public.django_admin_log USING btree (content_type_id);


--
-- TOC entry 3281 (class 1259 OID 16527)
-- Name: django_admin_log_user_id_c564eba6; Type: INDEX; Schema: public; Owner: -
--

CREATE INDEX django_admin_log_user_id_c564eba6 ON public.django_admin_log USING btree (user_id);


--
-- TOC entry 3282 (class 1259 OID 16544)
-- Name: django_session_expire_date_a5c62663; Type: INDEX; Schema: public; Owner: -
--

CREATE INDEX django_session_expire_date_a5c62663 ON public.django_session USING btree (expire_date);


--
-- TOC entry 3285 (class 1259 OID 16543)
-- Name: django_session_session_key_c0390e0f_like; Type: INDEX; Schema: public; Owner: -
--

CREATE INDEX django_session_session_key_c0390e0f_like ON public.django_session USING btree (session_key varchar_pattern_ops);


--
-- TOC entry 3293 (class 1259 OID 16586)
-- Name: vending_order_order_method_id_id_3de8ef86; Type: INDEX; Schema: public; Owner: -
--

CREATE INDEX vending_order_order_method_id_id_3de8ef86 ON public.vending_order USING btree (order_method_id_id);


--
-- TOC entry 3296 (class 1259 OID 16587)
-- Name: vending_order_product_id_id_e5b052dd; Type: INDEX; Schema: public; Owner: -
--

CREATE INDEX vending_order_product_id_id_e5b052dd ON public.vending_order USING btree (product_id_id);


--
-- TOC entry 3292 (class 1259 OID 16575)
-- Name: vending_stock_product_id_id_72ec065e; Type: INDEX; Schema: public; Owner: -
--

CREATE INDEX vending_stock_product_id_id_72ec065e ON public.vending_stock USING btree (product_id_id);


--
-- TOC entry 3298 (class 2606 OID 16471)
-- Name: auth_group_permissions auth_group_permissio_permission_id_84c5c92e_fk_auth_perm; Type: FK CONSTRAINT; Schema: public; Owner: -
--

ALTER TABLE ONLY public.auth_group_permissions
    ADD CONSTRAINT auth_group_permissio_permission_id_84c5c92e_fk_auth_perm FOREIGN KEY (permission_id) REFERENCES public.auth_permission(id) DEFERRABLE INITIALLY DEFERRED;


--
-- TOC entry 3299 (class 2606 OID 16466)
-- Name: auth_group_permissions auth_group_permissions_group_id_b120cbf9_fk_auth_group_id; Type: FK CONSTRAINT; Schema: public; Owner: -
--

ALTER TABLE ONLY public.auth_group_permissions
    ADD CONSTRAINT auth_group_permissions_group_id_b120cbf9_fk_auth_group_id FOREIGN KEY (group_id) REFERENCES public.auth_group(id) DEFERRABLE INITIALLY DEFERRED;


--
-- TOC entry 3297 (class 2606 OID 16457)
-- Name: auth_permission auth_permission_content_type_id_2f476e4b_fk_django_co; Type: FK CONSTRAINT; Schema: public; Owner: -
--

ALTER TABLE ONLY public.auth_permission
    ADD CONSTRAINT auth_permission_content_type_id_2f476e4b_fk_django_co FOREIGN KEY (content_type_id) REFERENCES public.django_content_type(id) DEFERRABLE INITIALLY DEFERRED;


--
-- TOC entry 3300 (class 2606 OID 16486)
-- Name: auth_user_groups auth_user_groups_group_id_97559544_fk_auth_group_id; Type: FK CONSTRAINT; Schema: public; Owner: -
--

ALTER TABLE ONLY public.auth_user_groups
    ADD CONSTRAINT auth_user_groups_group_id_97559544_fk_auth_group_id FOREIGN KEY (group_id) REFERENCES public.auth_group(id) DEFERRABLE INITIALLY DEFERRED;


--
-- TOC entry 3301 (class 2606 OID 16481)
-- Name: auth_user_groups auth_user_groups_user_id_6a12ed8b_fk_auth_user_id; Type: FK CONSTRAINT; Schema: public; Owner: -
--

ALTER TABLE ONLY public.auth_user_groups
    ADD CONSTRAINT auth_user_groups_user_id_6a12ed8b_fk_auth_user_id FOREIGN KEY (user_id) REFERENCES public.auth_user(id) DEFERRABLE INITIALLY DEFERRED;


--
-- TOC entry 3302 (class 2606 OID 16500)
-- Name: auth_user_user_permissions auth_user_user_permi_permission_id_1fbb5f2c_fk_auth_perm; Type: FK CONSTRAINT; Schema: public; Owner: -
--

ALTER TABLE ONLY public.auth_user_user_permissions
    ADD CONSTRAINT auth_user_user_permi_permission_id_1fbb5f2c_fk_auth_perm FOREIGN KEY (permission_id) REFERENCES public.auth_permission(id) DEFERRABLE INITIALLY DEFERRED;


--
-- TOC entry 3303 (class 2606 OID 16495)
-- Name: auth_user_user_permissions auth_user_user_permissions_user_id_a95ead1b_fk_auth_user_id; Type: FK CONSTRAINT; Schema: public; Owner: -
--

ALTER TABLE ONLY public.auth_user_user_permissions
    ADD CONSTRAINT auth_user_user_permissions_user_id_a95ead1b_fk_auth_user_id FOREIGN KEY (user_id) REFERENCES public.auth_user(id) DEFERRABLE INITIALLY DEFERRED;


--
-- TOC entry 3304 (class 2606 OID 16516)
-- Name: django_admin_log django_admin_log_content_type_id_c4bce8eb_fk_django_co; Type: FK CONSTRAINT; Schema: public; Owner: -
--

ALTER TABLE ONLY public.django_admin_log
    ADD CONSTRAINT django_admin_log_content_type_id_c4bce8eb_fk_django_co FOREIGN KEY (content_type_id) REFERENCES public.django_content_type(id) DEFERRABLE INITIALLY DEFERRED;


--
-- TOC entry 3305 (class 2606 OID 16521)
-- Name: django_admin_log django_admin_log_user_id_c564eba6_fk_auth_user_id; Type: FK CONSTRAINT; Schema: public; Owner: -
--

ALTER TABLE ONLY public.django_admin_log
    ADD CONSTRAINT django_admin_log_user_id_c564eba6_fk_auth_user_id FOREIGN KEY (user_id) REFERENCES public.auth_user(id) DEFERRABLE INITIALLY DEFERRED;


--
-- TOC entry 3307 (class 2606 OID 16576)
-- Name: vending_order vending_order_order_method_id_id_3de8ef86_fk_vending_o; Type: FK CONSTRAINT; Schema: public; Owner: -
--

ALTER TABLE ONLY public.vending_order
    ADD CONSTRAINT vending_order_order_method_id_id_3de8ef86_fk_vending_o FOREIGN KEY (order_method_id_id) REFERENCES public.vending_order_method(id) DEFERRABLE INITIALLY DEFERRED;


--
-- TOC entry 3308 (class 2606 OID 16581)
-- Name: vending_order vending_order_product_id_id_e5b052dd_fk_vending_product_id; Type: FK CONSTRAINT; Schema: public; Owner: -
--

ALTER TABLE ONLY public.vending_order
    ADD CONSTRAINT vending_order_product_id_id_e5b052dd_fk_vending_product_id FOREIGN KEY (product_id_id) REFERENCES public.vending_product(id) DEFERRABLE INITIALLY DEFERRED;


--
-- TOC entry 3306 (class 2606 OID 16570)
-- Name: vending_stock vending_stock_product_id_id_72ec065e_fk_vending_product_id; Type: FK CONSTRAINT; Schema: public; Owner: -
--

ALTER TABLE ONLY public.vending_stock
    ADD CONSTRAINT vending_stock_product_id_id_72ec065e_fk_vending_product_id FOREIGN KEY (product_id_id) REFERENCES public.vending_product(id) DEFERRABLE INITIALLY DEFERRED;


-- Completed on 2023-01-25 12:29:16

--
-- PostgreSQL database dump complete
--

